{
  "num_nodes": 36692,
  "num_edges": 183831,
  "density": 0.00027309755503535,
  "is_directed": false,
  "connected_components": 1065,
  "lcc_nodes": 33696,
  "lcc_fraction": 0.9183473236672844,
  "diameter_lcc": 13,
  "avg_path_length": null
}